MARKET_REPETITION,REPETITION,CONSUMER_BEHAVIOUR,CONSUMER_ID,PROVIDER_BEHAVIOUR,PROVIDER_ID,REQUEST_ID,SEND,SERVE,RECV,ASSET,FASTEST
0,0,True,0,True,0,22,2250.015386683185,2250.023534895748,2250.029784895748,[],0
0,0,False,0,True,0,22,2250.015386683185,2250.023534895748,2250.029784895748,[],0
0,0,True,0,False,0,22,2250.015386683185,2250.023534895748,2250.029784895748,[],0
0,0,False,0,False,0,22,2250.015386683185,2250.023534895748,2250.029784895748,[],0
